City_ID,City,Cloudiness,Country,Date,Humidity,Latitude,Longitude,Temp,Wind Speed
0,puerto ayora,40,EC,1580518661,74,-0.74,-90.35,79.21,16.11
1,bambous virieux,40,MU,1580518945,83,-20.34,57.76,76.96,6.93
2,vaini,75,TO,1580518945,83,-21.2,-175.2,84.2,11.41
3,guerrero negro,0,MX,1580518945,28,27.98,-114.06,72.21,8.86
4,dingle,98,PH,1580518945,85,11.0,122.67,73.17,12.15
5,acapulco,75,MX,1580518834,69,16.86,-99.89,82.4,9.17
6,busselton,0,AU,1580518870,32,-33.65,115.33,65.95,6.71
7,barrow,40,US,1580519116,75,71.29,-156.79,-20.2,4.7
8,tuktoyaktuk,20,CA,1580519116,67,69.45,-133.04,-27.4,9.17
9,mahebourg,40,MU,1580519116,83,-20.41,57.7,77.0,6.93
10,luena,97,AO,1580519046,98,-11.78,19.92,63.52,4.7
11,gimli,77,CA,1580519116,92,50.63,-96.99,25.0,7.0
12,albany,90,US,1580519113,68,42.6,-73.97,31.6,3.36
13,latung,90,PH,1580519116,78,5.5,120.88,81.01,14.07
14,namibe,100,AO,1580519117,88,-15.2,12.15,74.98,5.61
15,tyulyachi,96,RU,1580519117,86,55.89,50.24,30.2,4.47
16,curuguaty,16,PY,1580519117,87,-24.47,-55.69,73.29,2.84
17,ushuaia,40,AR,1580519093,66,-54.8,-68.3,55.4,18.34
18,hermanus,62,ZA,1580519117,93,-34.42,19.23,63.45,1.01
19,praia,0,CV,1580519054,41,14.92,-23.51,77.0,17.22
20,severnoye,79,RU,1580519118,97,56.35,78.36,-8.36,5.84
21,birao,18,CF,1580518925,16,10.28,22.79,64.33,8.3
22,saint-philippe,75,RE,1580519118,74,-21.36,55.77,74.41,12.75
23,hithadhoo,100,MV,1580519118,73,-0.6,73.08,81.66,12.1
24,bluff,100,NZ,1580519119,48,-46.6,168.33,70.09,9.71
25,damietta,0,EG,1580519119,71,31.42,31.81,55.4,11.41
26,tahlequah,90,US,1580519119,80,35.92,-94.97,43.23,4.27
27,atuona,15,PF,1580519119,72,-9.8,-139.03,81.66,16.71
28,grindavik,59,IS,1580519119,79,63.84,-22.43,26.96,14.99
29,great yarmouth,100,GB,1580519119,87,52.61,1.73,51.93,17.22
30,manzanillo,19,CU,1580519119,66,20.34,-77.12,78.96,3.58
31,ahipara,19,NZ,1580519120,85,-35.17,173.17,69.78,11.81
32,obidos,39,BR,1580519120,79,-1.92,-55.52,78.62,4.85
33,busca,0,IT,1580519120,90,44.52,7.47,39.49,1.12
34,new norfolk,75,AU,1580519120,82,-42.78,147.06,70.61,9.17
35,deputatskiy,100,RU,1580519120,91,69.3,139.9,-17.84,5.41
36,rafai,91,CF,1580519121,32,4.95,23.92,67.1,2.98
37,saurimo,85,AO,1580519121,87,-9.66,20.39,66.51,3.76
38,mataura,100,NZ,1580519121,54,-46.19,168.86,71.17,11.52
39,nyurba,90,RU,1580519121,97,63.28,118.33,-17.75,4.94
40,atar,0,MR,1580518926,11,20.52,-13.05,62.96,10.45
41,georgetown,20,MY,1580518912,88,5.41,100.34,78.49,3.36
42,kodiak,90,US,1580519121,62,57.79,-152.41,19.4,17.22
43,zhaozhou,97,CN,1580519121,96,45.68,125.32,0.86,6.8
44,meulaboh,85,ID,1580519122,69,4.14,96.13,81.9,2.35
45,vestmannaeyjar,38,IS,1580519122,67,63.44,-20.27,32.38,19.06
46,port shepstone,15,ZA,1580519122,86,-30.74,30.45,72.82,6.46
47,bredasdorp,68,ZA,1580519123,88,-34.53,20.04,64.67,1.12
48,porto torres,30,IT,1580519123,93,40.84,8.4,50.65,2.24
49,lompoc,1,US,1580519123,37,34.64,-120.46,69.66,6.93
50,esmeraldas,40,BR,1580518939,69,-19.76,-44.31,78.8,2.24
51,carnarvon,0,AU,1580519123,38,-24.87,113.63,73.4,18.34
52,loandjili,20,CG,1580519124,94,-4.76,11.86,78.8,3.36
53,upernavik,100,GL,1580519124,97,72.79,-56.15,-11.58,8.14
54,cururupu,98,BR,1580519124,99,-1.83,-44.87,73.06,2.06
55,dunedin,100,NZ,1580518994,80,-45.87,170.5,60.01,14.0
56,kapaa,40,US,1580518991,78,22.08,-159.32,76.23,10.29
57,sangmelima,79,CM,1580519124,92,2.93,11.98,68.63,3.22
58,east london,43,ZA,1580519124,72,-33.02,27.91,76.42,21.52
59,qaanaaq,100,GL,1580519125,99,77.48,-69.36,-23.55,1.5
60,esperance,90,AU,1580519125,59,-33.87,121.9,62.6,9.17
61,makat,100,KZ,1580519125,91,47.65,53.35,32.16,10.89
62,codrington,100,AU,1580519125,84,-38.27,141.97,60.6,14.9
63,rio grande,0,BR,1580519125,81,-32.03,-52.1,71.78,9.46
64,khatanga,34,RU,1580519126,96,71.97,102.5,-33.52,6.78
65,cherskiy,23,RU,1580519126,98,68.75,161.3,-29.58,3.51
66,chivilcoy,0,AR,1580519126,25,-34.9,-60.02,71.91,9.69
67,hobart,75,AU,1580518932,82,-42.88,147.33,70.48,9.17
68,sept-iles,20,CA,1580519126,57,50.2,-66.38,17.6,6.93
69,port alfred,76,ZA,1580519126,92,-33.59,26.89,71.01,4.0
70,linhares,59,BR,1580519126,89,-19.39,-40.07,75.52,5.91
71,muros,90,ES,1580519126,100,42.78,-9.06,58.08,8.05
72,yellowknife,75,CA,1580519127,83,62.46,-114.35,-4.65,5.82
73,buraydah,40,SA,1580519127,50,26.33,43.98,55.4,16.11
74,thompson,90,CA,1580519127,92,55.74,-97.86,24.8,5.82
75,ishim,95,RU,1580519127,88,56.11,69.49,6.8,9.08
76,salinopolis,99,BR,1580519127,77,-0.61,-47.36,81.34,18.81
77,ribeira grande,98,PT,1580519127,90,38.52,-28.7,61.39,22.5
78,nanortalik,94,GL,1580519128,70,60.14,-45.24,17.44,13.67
79,dikson,100,RU,1580519128,94,73.51,80.55,-8.3,8.41
80,hilo,90,US,1580519128,65,19.73,-155.09,74.17,9.17
81,nikolskoye,90,RU,1580519128,85,59.7,30.79,22.66,6.71
82,batagay-alyta,100,RU,1580519128,99,67.8,130.41,-15.07,2.66
83,bouza,1,NE,1580519128,18,14.42,6.04,64.98,9.08
84,punta arenas,75,CL,1580519129,58,-53.15,-70.92,54.14,11.41
85,bakchar,100,RU,1580519129,97,57.02,82.07,-3.78,5.23
86,jamestown,90,US,1580519129,86,42.1,-79.24,29.48,3.36
87,tiksi,100,RU,1580519129,93,71.69,128.87,-15.41,4.38
88,rikitea,94,PF,1580519129,78,-23.12,-134.97,79.74,13.85
89,ilebo,79,CD,1580519129,75,-4.32,20.58,73.78,1.52
90,dong hoi,97,VN,1580519130,85,17.48,106.6,61.63,2.28
91,timaru,75,NZ,1580518988,76,-44.4,171.25,66.0,5.01
92,severo-kurilsk,99,RU,1580519130,87,50.68,156.12,18.25,23.78
93,boyolangu,100,ID,1580519130,89,-8.12,111.89,76.32,5.26
94,hasaki,20,JP,1580519130,45,35.73,140.83,46.35,11.41
95,sherpur,0,BD,1580519131,61,25.02,90.02,57.81,5.79
96,esna,0,EG,1580519131,76,25.29,32.55,51.8,8.59
97,kalmunai,73,LK,1580519131,66,7.42,81.82,80.49,10.69
98,krasnoselkup,100,RU,1580519131,98,65.7,82.47,-18.62,7.85
99,ornskoldsvik,100,SE,1580519131,100,63.29,18.72,33.8,12.75
100,yarkovo,100,RU,1580519131,89,57.4,67.08,11.25,9.51
101,lebu,0,CL,1580519131,84,-37.62,-73.65,62.62,8.57
102,cape town,58,ZA,1580519131,82,-33.93,18.42,64.87,17.22
103,kaitangata,100,NZ,1580519131,78,-46.28,169.85,55.56,23.42
104,viesca,40,MX,1580519132,22,25.35,-102.8,58.01,9.17
105,suntar,78,RU,1580519132,95,62.14,117.63,-20.92,5.21
106,aksay,90,RU,1580519132,91,47.26,39.87,32.0,6.71
107,port elizabeth,40,ZA,1580519019,88,-33.92,25.57,69.8,11.41
108,butaritari,58,KI,1580519132,78,3.07,172.79,84.33,17.34
109,lagoa,100,PT,1580519132,86,39.05,-27.98,63.54,21.03
110,chokurdakh,100,RU,1580519132,94,70.63,147.92,-23.76,5.59
111,goderich,100,CA,1580519132,87,43.75,-81.72,27.9,1.79
112,tuatapere,100,NZ,1580519133,66,-46.13,167.68,67.05,5.37
113,mayo,90,US,1580519133,90,38.89,-76.51,38.97,3.36
114,ulladulla,2,AU,1580519133,39,-35.35,150.47,98.6,9.17
115,nenjiang,98,CN,1580519133,95,49.18,125.22,2.46,5.88
116,coquimbo,20,CL,1580519133,77,-29.95,-71.34,64.4,8.05
117,nome,75,US,1580519133,69,64.5,-165.41,-7.62,3.04
118,tasiilaq,100,GL,1580519134,62,65.61,-37.64,23.0,32.21
119,tura,0,IN,1580519134,67,25.52,90.22,55.2,2.91
120,alta floresta,53,BR,1580519134,84,-9.88,-56.09,76.14,4.07
121,castro,19,BR,1580519108,85,-24.79,-50.01,66.36,3.38
122,airai,67,TL,1580519134,72,-8.93,125.41,75.56,0.74
123,along,56,IN,1580519134,88,28.17,94.77,43.48,3.53
124,xiongyue,0,CN,1580519135,57,40.18,122.12,19.02,11.83
125,arraial do cabo,75,BR,1580519135,94,-22.97,-42.03,75.2,3.36
126,seoul,90,KR,1580518955,86,37.57,126.98,30.33,1.12
127,yamada,99,JP,1580519135,92,39.47,141.95,35.4,3.0
128,vila franca do campo,81,PT,1580519135,88,37.72,-25.43,66.0,8.01
129,nacala,75,MZ,1580519136,88,-14.54,40.67,71.6,5.82
130,mar del plata,17,AR,1580519110,36,-38.0,-57.56,76.91,6.93
131,faanui,100,PF,1580519136,84,-16.48,-151.75,79.41,27.04
132,laguna,1,US,1580518854,67,38.42,-121.42,63.14,1.83
133,ilulissat,90,GL,1580519136,77,69.22,-51.1,3.2,6.93
134,bethel,75,US,1580519136,90,41.37,-73.41,35.26,3.78
135,bonito,87,BR,1580519136,91,-21.12,-56.48,73.45,1.57
136,itoman,75,JP,1580519137,48,26.12,127.67,60.55,16.11
137,fukue,75,JP,1580519137,65,32.69,128.84,47.17,2.24
138,newton,1,US,1580518852,74,42.34,-71.21,33.1,5.82
139,brazzaville,75,CG,1580519137,78,-4.27,15.28,78.8,6.93
140,monte alegre,100,BR,1580519137,85,-2.01,-54.07,76.66,1.88
141,antofagasta,75,CL,1580519137,82,-23.65,-70.4,70.18,11.41
142,salalah,40,OM,1580519021,52,17.02,54.09,69.8,3.36
143,fereydun kenar,67,IR,1580519138,69,36.69,52.52,39.2,4.7
144,kolosovka,91,RU,1580519138,89,56.47,73.61,-2.13,9.73
145,itaituba,31,BR,1580519138,86,-4.28,-55.98,72.59,1.77
146,longyearbyen,75,SJ,1580519138,79,78.22,15.64,23.0,12.75
147,coolum beach,4,AU,1580518872,71,-26.53,153.1,84.58,1.99
148,ponta do sol,20,PT,1580519138,48,32.67,-17.1,62.15,2.24
149,ankara,75,TR,1580519089,80,39.92,32.85,31.01,4.7
150,korla,0,CN,1580519139,54,41.76,86.15,13.48,2.86
151,krasnovishersk,100,RU,1580519139,93,60.41,57.08,14.29,8.84
152,zdolbuniv,100,UA,1580519139,90,50.52,26.24,41.85,15.79
153,cody,1,US,1580519118,44,44.53,-109.06,41.25,5.82
154,lielvarde,90,LV,1580519139,100,56.72,24.81,36.16,5.82
155,cidreira,0,BR,1580519139,82,-30.18,-50.21,75.87,10.09
156,namatanai,93,PG,1580519140,74,-3.67,152.43,84.67,9.15
157,presque isle,1,US,1580518935,71,46.68,-68.02,9.99,0.58
158,morondava,7,MG,1580519140,88,-20.28,44.28,76.12,1.41
159,bandarbeyla,48,SO,1580519140,72,9.49,50.81,75.65,20.13
160,constitucion,1,CL,1580519140,80,-35.33,-72.42,61.57,9.98
161,manacapuru,90,BR,1580519140,88,-3.3,-60.62,80.6,6.93
162,isabela,40,PH,1580519140,65,6.71,121.97,82.4,3.36
163,concepcion,0,CL,1580518953,82,-36.83,-73.05,64.4,14.99
164,tiangua,100,BR,1580519141,97,-3.73,-40.99,70.66,0.94
165,mattawa,1,US,1580519141,67,46.74,-119.9,60.21,20.8
166,seara,100,PT,1580519141,8,41.18,-7.8,56.82,7.0
167,norman wells,75,CA,1580519141,68,65.28,-126.83,-16.6,2.24
168,tweed,90,CA,1580519142,73,44.48,-77.32,25.34,1.83
169,zaranj,0,AF,1580519142,80,30.97,61.88,35.6,4.7
170,mount isa,75,AU,1580519142,62,-20.73,139.5,86.0,10.29
171,komsomolskiy,30,UZ,1580519142,63,40.43,71.72,28.4,4.7
172,bom jesus,69,BR,1580519142,60,-9.07,-44.36,77.45,3.42
173,balikpapan,20,ID,1580518906,83,-1.27,116.83,82.4,6.93
174,micheweni,90,TZ,1580519142,78,-4.97,39.83,81.32,3.0
175,mana,61,GF,1580519143,85,5.66,-53.78,73.85,3.87
176,tambopata,68,PE,1580519143,95,-12.73,-69.18,76.03,2.15
177,rairangpur,0,IN,1580519143,50,22.27,86.18,54.99,1.66
178,isangel,75,VU,1580519143,62,-19.55,169.27,89.6,9.17
179,ambunti,100,PG,1580519143,99,-4.24,142.84,74.93,1.23
180,fairbanks,90,US,1580519034,75,64.84,-147.72,-15.68,1.63
181,qui nhon,93,VN,1580519143,89,13.77,109.23,66.67,2.35
182,geraldton,67,AU,1580519144,27,-28.77,114.6,77.0,20.8
183,minab,0,IR,1580519144,81,27.15,57.08,50.0,4.7
184,chuy,37,UY,1580519144,83,-33.7,-53.46,66.43,8.61
185,bilibino,100,RU,1580519145,97,68.05,166.44,-28.86,3.13
186,kawalu,99,ID,1580519145,88,-7.38,108.21,72.97,3.06
187,pevek,100,RU,1580519145,100,69.7,170.31,-23.08,2.59
188,paita,17,PE,1580519145,72,-5.09,-81.11,77.59,17.38
189,nantucket,1,US,1580519058,69,41.28,-70.1,35.56,6.93
190,kyzyl-suu,0,KG,1580519145,47,42.34,78.0,19.42,6.58
191,kasongo,92,CD,1580519146,93,-4.45,26.67,68.81,2.06
192,port-gentil,100,GA,1580519146,77,-0.72,8.78,82.94,8.14
193,de aar,86,ZA,1580519146,28,-30.65,24.01,81.54,14.0
194,eureka,1,US,1580519146,82,40.8,-124.16,57.22,1.9
195,ravar,0,IR,1580519146,44,31.27,56.81,41.94,4.36
196,ola,6,RU,1580519147,77,59.58,151.28,-4.54,1.57
197,hirara,40,JP,1580519147,55,24.8,125.28,60.8,8.05
198,dongsheng,41,CN,1580519147,77,39.82,109.98,14.02,4.0
199,dali,10,CN,1580519147,98,25.7,100.18,33.84,2.21
200,sungairaya,26,ID,1580519147,91,0.7,108.9,73.33,3.96
201,vostok,98,RU,1580519147,90,46.49,135.88,4.73,1.43
202,yar-sale,51,RU,1580519147,99,66.83,70.83,-22.43,8.41
203,kahului,75,US,1580518989,73,20.89,-156.47,75.63,6.93
204,port hardy,90,CA,1580519147,100,50.7,-127.42,46.4,6.93
205,tilichiki,0,RU,1580519148,85,60.47,166.1,-18.53,8.9
206,westport,90,US,1580519071,74,41.14,-73.36,36.9,2.84
207,kathmandu,40,NP,1580519131,100,27.72,85.32,44.6,3.36
208,shache,0,CN,1580519148,62,38.42,77.24,22.03,1.79
209,sambava,34,MG,1580519148,92,-14.27,50.17,70.81,2.57
210,pahrump,1,US,1580519148,20,36.21,-115.98,60.8,6.62
211,nizhniy tsasuchey,14,RU,1580519148,74,50.52,115.13,-4.14,13.42
212,pangnirtung,90,CA,1580519149,79,66.15,-65.71,-13.43,3.47
213,caravelas,0,BR,1580519149,84,-17.71,-39.25,79.92,14.54
214,mehamn,100,NO,1580519149,94,71.04,27.85,9.48,26.37
215,point fortin,20,TT,1580519149,78,10.18,-61.68,78.76,9.17
216,banda aceh,66,ID,1580519149,92,5.56,95.32,71.13,5.23
217,bara,20,NG,1580519149,24,10.37,10.73,63.75,7.49
218,villa maria,0,AR,1580519149,32,-32.41,-63.24,77.86,8.55
219,baiyin,90,CN,1580519149,85,36.56,104.21,21.2,2.24
220,nouakchott,0,MR,1580519006,11,18.09,-15.98,68.0,10.29
221,pisco,20,PE,1580519150,88,-13.7,-76.22,72.68,17.22
222,carbonia,77,IT,1580519150,100,39.17,8.52,48.99,5.82
223,baikunthpur,0,IN,1580519150,51,23.25,82.55,49.44,3.33
224,sur,0,OM,1580519150,64,22.57,59.53,62.83,1.61
225,brae,100,GB,1580519150,100,60.4,-1.35,42.28,9.17
226,erzin,0,TR,1580519150,57,36.96,36.2,37.85,3.36
227,cicero dantas,30,BR,1580519150,81,-10.6,-38.38,73.72,6.76
228,quatre cocos,40,MU,1580519151,83,-20.21,57.76,76.77,6.93
229,chaupal,1,IN,1580519151,92,30.95,77.58,27.68,2.06
230,lorengau,96,PG,1580519151,80,-2.02,147.27,83.43,20.33
231,beyneu,45,KZ,1580519151,70,45.32,55.2,37.35,12.71
232,tiznit,0,MA,1580519151,41,29.58,-9.5,55.76,0.76
233,mirabad,0,AF,1580519151,44,30.44,61.84,48.18,7.92
234,kavieng,92,PG,1580519152,77,-2.57,150.8,84.36,13.13
235,duncan,1,US,1580518900,45,34.5,-97.96,45.9,8.05
236,ossora,0,RU,1580519152,59,59.24,163.07,-2.99,3.65
237,irsha,100,RU,1580519152,98,55.93,94.79,-11.24,4.92
238,hofn,32,IS,1580519152,58,64.25,-15.21,36.73,12.91
239,kouroussa,51,GN,1580519152,13,10.65,-9.88,70.92,1.99
240,boulder,1,US,1580519152,24,40.08,-105.35,42.15,5.82
241,baykit,77,RU,1580519152,97,61.67,96.37,-29.02,1.57
242,gongzhuling,20,CN,1580519152,98,43.5,124.82,-1.79,6.69
243,adrar,0,MR,1580519153,10,20.5,-10.07,63.54,11.48
244,barra do corda,90,BR,1580519048,96,-5.5,-45.25,72.88,3.62
245,sao filipe,0,CV,1580519153,44,14.9,-24.5,78.69,10.42
246,muisne,100,EC,1580519153,88,0.6,-80.03,76.86,3.87
247,pasaje,90,EC,1580519153,88,-3.33,-79.82,83.3,5.82
248,kyra,0,RU,1580519154,76,49.58,111.98,-15.41,5.57
249,morehead,90,US,1580519154,87,37.27,-87.18,42.46,1.39
250,subang,97,ID,1580519154,91,-7.13,108.53,71.98,2.19
251,adelaide,90,AU,1580519121,93,-34.93,138.6,65.86,13.87
252,yorkton,20,CA,1580519154,79,51.22,-102.47,32.0,17.22
253,luanda,75,AO,1580519154,78,-8.84,13.23,80.6,3.36
254,faya,20,SA,1580519154,76,18.39,42.45,55.4,13.87
255,iqaluit,90,CA,1580519155,70,63.75,-68.51,-5.42,3.36
256,virginia beach,90,US,1580519155,65,36.85,-75.98,45.43,4.7
257,gat,40,IL,1580518981,76,31.61,34.76,50.31,6.93
258,salima,100,MW,1580518924,81,-13.78,34.46,71.65,9.71
259,sesheke,94,ZM,1580519155,100,-17.48,24.3,66.2,1.12
260,rasulabad,0,IN,1580519155,93,26.75,80.48,46.4,4.21
261,kysyl-syr,98,RU,1580519155,98,63.9,122.76,-16.4,4.56
262,sao joao da barra,100,BR,1580519156,89,-21.64,-41.05,78.12,12.93
263,datong,0,CN,1580519156,49,40.09,113.29,15.39,5.01
264,san andres,40,CO,1580519156,69,12.58,-81.7,82.4,9.17
265,manggar,95,ID,1580519156,79,-2.88,108.27,81.91,9.75
266,jumla,0,NP,1580519156,72,29.27,82.18,18.09,4.47
267,tonj,39,SS,1580519157,17,7.27,28.68,71.58,6.49
268,praia da vitoria,75,PT,1580519157,88,38.73,-27.07,64.4,26.17
269,bavleny,75,RU,1580519157,96,56.4,39.56,21.72,3.51
270,kurikka,90,FI,1580519157,92,62.58,22.42,30.97,11.41
271,mangai,68,CD,1580519157,78,-4.05,19.53,73.76,0.72
272,termoli,0,IT,1580519157,77,41.99,14.99,50.92,7.36
273,takoradi,13,GH,1580519157,89,4.88,-1.76,78.03,2.71
274,handan,94,CN,1580519157,59,36.6,114.47,36.81,10.27
275,bud,90,US,1580519158,93,39.45,-86.18,36.99,3.36
276,hambantota,20,LK,1580519158,100,6.12,81.12,69.8,3.36
277,zhob,0,PK,1580519158,45,31.34,69.45,31.77,2.08
278,kurilsk,86,RU,1580519158,82,45.23,147.88,25.79,19.35
279,fallon,75,US,1580519158,44,39.47,-118.78,56.16,4.7
280,banjar,40,ID,1580519158,83,-8.19,114.97,84.2,3.36
281,saskylakh,99,RU,1580519159,97,71.92,114.08,-21.6,10.38
282,champerico,20,GT,1580519159,62,14.3,-91.92,86.0,6.93
283,ilo,0,PE,1580518862,82,-17.64,-71.34,73.65,7.9
284,hamilton,90,US,1580519159,93,39.18,-84.53,35.8,3.36
285,asau,41,RO,1580519159,87,46.43,26.4,38.48,4.7
286,kaka,14,TM,1580519159,44,37.35,59.61,45.5,3.36
287,cao bang,90,VN,1580519159,80,22.67,106.25,55.15,0.98
288,provideniya,100,RU,1580519160,98,64.38,-173.3,-11.25,7.4
289,santa helena,99,BR,1580519160,99,-2.23,-45.3,72.18,2.15
290,shirokiy,99,RU,1580519160,95,49.76,129.52,-10.3,3.8
291,broken hill,60,AU,1580519160,41,-31.95,141.43,95.0,21.92
292,katsuura,20,JP,1580519161,29,35.13,140.3,49.41,16.11
293,bengkulu,55,ID,1580519161,86,-3.8,102.27,74.82,3.15
294,husavik,90,IS,1580519161,98,66.04,-17.34,32.0,3.36
295,kemise,90,ET,1580519161,67,10.72,39.87,64.45,1.61
296,mwinilunga,98,ZM,1580519161,97,-11.74,24.43,61.59,1.74
297,souillac,40,MU,1580519162,83,-20.52,57.52,76.98,6.93
298,rio gallegos,100,AR,1580518922,71,-51.62,-69.22,55.4,4.7
299,wolfsberg,66,AT,1580519162,92,46.84,14.84,31.68,1.12
300,fortuna,1,US,1580519162,82,40.6,-124.16,57.56,4.23
301,pingzhuang,0,CN,1580519162,62,42.04,119.29,11.88,4.16
302,itarare,64,BR,1580519163,99,-24.11,-49.33,73.0,3.89
303,malabo,20,GQ,1580519163,88,3.75,8.78,77.0,5.82
304,araouane,0,ML,1580519163,14,18.9,-3.53,69.6,10.42
305,torbay,90,CA,1580519113,79,47.67,-52.73,19.76,13.87
306,collie,0,AU,1580519163,32,-33.37,116.15,66.33,4.74
307,alofi,40,NU,1580519163,74,-19.06,-169.92,86.0,10.29
308,mareeba,40,AU,1580519164,62,-17.0,145.43,85.03,11.41
309,oranjemund,95,NA,1580519164,86,-28.55,16.43,63.82,9.62
310,vanimo,100,PG,1580518866,87,-2.67,141.3,78.21,12.35
311,vardo,75,NO,1580519164,72,70.37,31.11,12.2,11.41
312,aksu,0,CN,1580519164,69,41.12,80.26,22.14,2.08
313,leningradskiy,96,RU,1580519164,97,69.38,178.42,-22.61,5.21
314,whitianga,21,NZ,1580519164,60,-36.83,175.7,84.0,10.0
315,sitka,90,US,1580519165,80,57.05,-135.33,33.04,3.85
316,walvis bay,13,NA,1580519165,87,-22.96,14.51,62.42,4.7
317,big spring,1,US,1580519165,34,32.25,-101.48,46.99,6.93
318,narsaq,1,GL,1580518985,45,60.92,-46.05,1.4,9.17
319,leninskoye,6,RU,1580519165,89,47.94,132.62,-5.51,1.36
320,kitami,75,JP,1580519165,73,43.8,143.89,24.8,16.11
321,rawson,0,AR,1580519166,77,-43.3,-65.1,62.13,8.43
322,semporna,75,MY,1580519166,83,4.48,118.61,78.8,2.24
323,seydi,47,TM,1580519166,49,39.48,62.91,44.91,15.41
324,shingu,40,JP,1580519166,45,33.73,135.98,44.6,18.34
325,pangody,21,RU,1580519167,98,65.85,74.49,-21.51,6.96
326,logrono,40,ES,1580518948,76,42.47,-2.45,56.93,9.17
327,kayerkan,40,RU,1580519167,74,69.35,87.76,-25.6,8.95
328,willowmore,84,ZA,1580519167,79,-33.29,23.49,60.19,4.68
329,tamale,4,GH,1580519167,10,9.4,-0.84,77.63,7.76
330,kamenka,100,RU,1580519167,96,51.32,42.77,33.01,4.0
331,kenai,1,US,1580519167,66,60.55,-151.26,15.33,8.55
332,salinas,1,US,1580518977,55,36.68,-121.66,64.53,10.29
333,cordele,90,US,1580519168,93,31.96,-83.78,43.56,8.05
334,liverpool,75,GB,1580519053,87,53.41,-2.98,50.4,6.93
335,visnes,100,NO,1580519168,93,59.36,5.22,46.69,16.11
336,mahon,26,ES,1580519168,93,39.89,4.27,50.0,4.7
337,luderitz,44,NA,1580519168,87,-26.65,15.16,63.97,22.95
338,acarau,100,BR,1580519169,94,-2.89,-40.12,72.61,1.03
339,auki,100,SB,1580519169,96,-8.77,160.7,77.7,9.93
340,svetlyy,75,RU,1580519169,93,54.67,20.13,41.0,11.18
341,maragogi,82,BR,1580519169,77,-9.01,-35.22,81.9,11.74
342,labuhan,100,ID,1580519169,90,-6.88,112.21,76.87,2.68
343,miracema do tocantins,22,BR,1580519169,85,-9.56,-48.4,76.01,1.92
344,talara,2,PE,1580519169,91,-4.58,-81.27,74.25,13.94
345,bereda,75,ES,1580519170,82,43.27,-7.54,59.07,12.75
346,qinzhou,98,CN,1580519170,76,21.95,108.62,59.31,6.58
347,kruisfontein,95,ZA,1580519170,91,-34.0,24.73,64.29,5.21
348,tomislavgrad,40,BA,1580519170,86,43.72,17.23,41.54,1.12
349,falun,100,SE,1580519170,93,60.6,15.63,36.1,6.93
350,lagos,15,NG,1580519144,88,6.58,3.75,80.6,4.09
351,inhambane,97,MZ,1580519171,77,-23.86,35.38,78.04,11.9
352,mumford,18,GH,1580519171,92,5.26,-0.76,77.94,1.79
353,dano,12,BF,1580519171,12,11.15,-3.07,72.75,5.97
354,ust-nera,100,RU,1580519171,100,64.57,143.2,-29.0,1.61
355,henties bay,53,NA,1580519171,88,-22.12,14.28,64.0,1.99
356,waterford,90,US,1580518931,87,42.7,-83.4,30.65,2.26
357,petropavlovsk-kamchatskiy,56,RU,1580519172,51,53.05,158.65,10.4,2.24
358,west bay,20,KY,1580519172,78,19.37,-81.42,79.88,8.05
359,kralendijk,17,BQ,1580519172,78,12.15,-68.27,80.6,18.34
360,mahibadhoo,87,MV,1580519172,70,3.78,72.97,81.09,10.94
361,kudahuvadhoo,93,MV,1580519172,71,2.67,72.89,81.75,10.85
362,isla vista,1,US,1580518906,37,34.41,-119.86,69.8,6.93
363,zhigansk,99,RU,1580519173,95,66.77,123.37,-22.16,2.15
364,rincon,90,US,1580519173,93,32.3,-81.24,44.01,3.36
365,ketchikan,90,US,1580519030,93,55.34,-131.65,34.84,10.29
366,avarua,100,CK,1580519173,78,-21.21,-159.78,82.4,5.82
367,porbandar,0,IN,1580519173,48,21.64,69.61,67.75,15.1
368,les cayes,0,HT,1580519174,76,18.2,-73.75,80.37,10.18
369,kitimat,90,CA,1580519174,99,54.05,-128.65,32.59,13.87
370,abu dhabi,0,AE,1580519174,87,24.47,54.37,58.15,4.7
371,karratha,0,AU,1580519174,57,-20.74,116.85,81.64,18.16
372,poum,37,NC,1580519174,78,-20.23,164.02,80.8,19.95
373,moroni,100,KM,1580519175,73,-11.7,43.26,81.9,4.21
374,marfino,75,RU,1580519175,100,55.7,37.38,30.2,2.24
375,chapais,90,CA,1580519175,84,49.78,-74.85,6.8,5.03
376,nueva loja,36,EC,1580519175,76,0.08,-76.88,77.07,2.13
377,carmen,40,MX,1580519175,83,18.63,-91.83,78.8,6.6
378,otradnoye,90,RU,1580519176,85,59.78,30.82,22.66,6.71
379,bowen,75,AU,1580519176,70,-20.02,148.23,86.9,10.29
380,ixtapa,90,MX,1580519176,65,20.7,-105.2,76.42,9.17
381,briceni,100,MD,1580519176,88,48.36,27.7,41.27,13.35
382,dalvik,90,IS,1580519176,97,65.97,-18.53,32.0,3.36
383,kulhudhuffushi,56,MV,1580519177,78,6.62,73.07,80.44,12.53
384,port keats,100,AU,1580519177,73,-14.25,129.55,85.96,11.01
385,kyaikkami,0,MM,1580519177,61,16.08,97.57,74.28,8.86
386,batemans bay,28,AU,1580519177,43,-35.72,150.18,91.99,3.0
387,bolshaya rechka,96,RU,1580519177,75,51.95,104.74,-16.6,4.47
388,nouadhibou,0,MR,1580519177,37,20.93,-17.03,66.2,13.87
389,mujiayingzi,0,CN,1580519177,60,42.12,118.78,11.46,7.18
390,verkhnyaya toyma,100,RU,1580519178,97,62.23,45.0,-0.99,2.71
391,roma,90,US,1580519083,74,43.21,-75.46,30.63,3.36
392,mount gambier,100,AU,1580519178,93,-37.83,140.77,60.8,10.29
393,eqbaliyeh,50,IR,1580519178,33,35.3,51.54,38.82,6.93
394,sungaipenuh,100,ID,1580519178,98,-2.08,101.38,63.52,3.02
395,los llanos de aridane,49,ES,1580519178,37,28.66,-17.92,66.58,1.12
396,san quintin,0,MX,1580519179,36,30.48,-115.95,66.99,8.66
397,pacific grove,1,US,1580519179,55,36.62,-121.92,63.82,10.29
398,balkanabat,100,TM,1580519179,42,39.51,54.37,46.4,2.1
399,ancud,75,CL,1580519179,82,-41.87,-73.82,62.6,12.75
400,klaksvik,90,FO,1580519179,80,62.23,-6.59,33.8,3.36
401,fort nelson,75,CA,1580519179,85,58.81,-122.7,10.4,2.84
402,pangkalanbuun,99,ID,1580519179,90,-2.68,111.62,75.36,3.58
403,shumskiy,100,RU,1580519179,90,54.83,99.13,-5.46,2.04
404,hualmay,53,PE,1580519180,73,-11.1,-77.61,72.84,6.31
405,vila velha,97,BR,1580519180,83,-20.33,-40.29,80.28,13.87
406,killybegs,96,IE,1580519180,86,54.63,-8.45,46.99,11.01
407,pochutla,5,MX,1580519180,58,15.74,-96.47,84.2,6.93
408,lubao,75,PH,1580519180,73,14.92,120.55,75.16,9.17
409,businga,46,CD,1580519180,57,3.33,20.88,70.92,1.41
410,birmitrapur,0,IN,1580519180,43,22.4,84.77,51.04,3.51
411,etla,40,MX,1580519181,22,17.06,-96.79,80.6,12.75
412,kaeo,0,NZ,1580519181,54,-35.1,173.78,84.6,7.0
413,richards bay,10,ZA,1580519181,72,-28.78,32.04,77.0,24.94
414,victoria,3,HK,1580519083,59,22.29,114.16,60.31,12.75
415,arlit,0,NE,1580519181,15,18.74,7.39,67.33,6.51
416,bolotnoye,95,RU,1580519181,95,55.67,84.4,-7.02,5.46
417,sabha,0,LY,1580519182,29,27.04,14.43,59.88,7.78
418,saint george,1,US,1580519142,27,37.1,-113.58,52.65,3.4
419,nioro,0,GM,1580519182,10,13.35,-15.75,80.24,10.31
420,plettenberg bay,82,ZA,1580519182,90,-34.05,23.37,66.72,2.19
421,saint-joseph,75,RE,1580519183,74,-21.37,55.62,74.3,12.75
422,vrangel,0,RU,1580519183,62,42.73,133.08,26.29,5.77
423,rundu,100,NA,1580519183,43,-17.93,19.77,71.6,2.24
424,molepolole,0,BW,1580519183,35,-24.41,25.5,70.86,3.78
425,avera,90,US,1580519183,100,33.19,-82.53,40.8,5.82
426,tefe,75,BR,1580519184,95,-3.35,-64.71,76.46,4.38
427,santa isabel do rio negro,53,BR,1580519184,81,-0.41,-65.02,79.11,1.52
428,sokoni,20,TZ,1580519184,94,-6.43,39.55,75.2,1.92
429,basco,89,PH,1580519184,64,20.45,121.97,67.01,18.95
430,ishinomaki,40,JP,1580519184,48,38.42,141.3,42.8,1.12
431,ampanihy,3,MG,1580519184,87,-24.7,44.75,70.38,10.04
432,touros,40,BR,1580519184,83,-5.2,-35.46,80.6,3.36
433,samarai,76,PG,1580519184,57,-10.62,150.67,88.95,3.91
434,boffa,74,GN,1580519185,81,10.17,-14.03,72.3,1.34
435,ust-maya,100,RU,1580519185,96,60.42,134.53,-12.03,2.84
436,yulara,90,AU,1580519185,70,-25.24,130.99,84.2,10.29
437,tsivilsk,90,RU,1580519185,96,55.86,47.47,32.0,11.18
438,fernie,90,CA,1580519185,100,49.5,-115.07,37.4,3.36
439,kochubey,100,RU,1580519185,93,44.39,46.58,37.2,8.5
440,seymour,90,US,1580519185,93,38.96,-85.89,37.33,3.36
441,aswan,0,EG,1580519186,51,24.09,32.91,51.57,11.07
442,feijo,100,BR,1580519186,95,-8.16,-70.35,75.58,2.13
443,batesville,90,US,1580519186,75,35.77,-91.64,44.17,1.3
444,warrington,75,GB,1580519075,87,53.39,-2.58,49.95,6.93
445,port hedland,20,AU,1580519186,70,-20.32,118.57,86.0,18.34
446,ternate,76,ID,1580519186,75,0.8,127.4,80.35,2.39
447,pozo colorado,38,PY,1580519186,59,-23.49,-58.8,78.67,4.09
448,kismayo,100,SO,1580519187,81,-0.36,42.55,80.08,14.61
449,sivaki,100,RU,1580519187,97,52.63,126.75,-3.14,1.61
450,talcahuano,0,CL,1580519187,82,-36.72,-73.12,64.4,14.99
451,taoudenni,0,ML,1580519187,16,22.68,-3.98,61.97,8.05
452,el alto,12,PE,1580519187,74,-4.27,-81.21,74.23,9.17
453,ovsyanka,94,RU,1580519187,82,55.96,92.55,-18.4,3.89
454,gold coast,9,AU,1580519188,61,-28.0,153.43,88.16,5.01
455,amiens,90,FR,1580519045,100,49.9,2.3,52.25,13.87
456,cap malheureux,40,MU,1580519188,83,-19.98,57.61,76.51,6.93
457,maltahohe,94,NA,1580519188,25,-24.83,16.98,77.02,18.25
458,rzhaksa,100,RU,1580519188,97,52.13,42.03,27.64,5.79
459,scarborough,83,GB,1580519189,81,54.28,-0.4,50.11,17.22
460,jardim,85,BR,1580519189,91,-21.48,-56.14,74.62,1.59
461,naxos,2,GR,1580519189,62,37.11,25.38,54.7,9.17
462,greenwood,90,US,1580519189,100,34.17,-82.12,38.26,6.93
463,imeni poliny osipenko,24,RU,1580519189,95,52.42,136.49,-7.58,2.42
464,kavaratti,17,IN,1580519115,70,10.57,72.64,78.94,9.26
465,ostersund,100,SE,1580519190,92,63.18,14.64,30.63,14.99
466,tashla,100,RU,1580519190,96,51.77,52.74,23.04,8.12
467,kutum,50,SD,1580519190,30,14.2,24.67,45.27,2.59
468,beringovskiy,100,RU,1580519191,96,63.05,179.32,-15.75,20.02
469,luganville,75,VU,1580519191,70,-15.53,167.17,87.8,9.17
470,pfarrkirchen,82,DE,1580519191,88,48.43,12.94,47.19,9.33
471,biharamulo,93,TZ,1580519191,93,-2.63,31.31,64.6,3.76
472,paamiut,34,GL,1580519191,60,61.99,-49.67,12.42,7.0
473,alice springs,75,AU,1580519124,74,-23.7,133.88,82.4,14.99
474,tommot,100,RU,1580519191,98,58.96,126.29,-3.01,2.98
475,tiarei,40,PF,1580519191,88,-17.53,-149.33,77.0,26.4
476,hami,0,CN,1580519192,80,42.8,93.45,7.65,3.65
477,hovd,0,MN,1580519192,77,48.01,91.64,-7.91,1.34
478,talavera,75,PH,1580519192,73,15.62,120.93,71.6,9.17
479,terrak,100,NO,1580519192,65,65.09,12.37,38.48,23.04
480,muravlenko,36,RU,1580519192,98,63.79,74.52,-22.16,12.86
481,kloulklubed,75,PW,1580519160,70,7.04,134.26,84.2,8.05
482,manaure,13,CO,1580519192,83,11.78,-72.44,82.4,9.17
483,marck,100,FR,1580519192,93,50.95,1.94,52.39,14.99
484,voh,0,NC,1580519193,73,-20.97,164.7,80.85,10.29
485,puerto escondido,16,MX,1580519193,73,15.85,-97.07,73.38,2.66
486,khandyga,85,RU,1580519193,98,62.67,135.6,-21.71,2.46
487,burns lake,100,CA,1580519193,97,54.23,-125.75,27.36,5.21
488,khilok,0,RU,1580519193,95,51.37,110.47,-16.89,2.82
489,nador,67,MA,1580519025,34,35.17,-2.93,58.28,10.29
490,palmares do sul,14,BR,1580519194,93,-30.26,-50.51,71.08,7.52
491,makokou,13,GA,1580519194,85,0.57,12.86,72.9,3.44
492,vanavara,94,RU,1580519194,99,60.34,102.28,-24.02,1.68
493,yaan,58,NG,1580519194,15,7.38,8.57,75.25,6.17
494,san patricio,75,MX,1580519194,78,19.22,-104.7,78.8,9.17
495,ayacucho,85,PE,1580519194,91,-13.16,-74.22,46.26,7.23
496,olafsvik,100,IS,1580519194,77,64.89,-23.71,29.89,20.38
497,tuy hoa,28,VN,1580519194,73,13.08,109.3,72.45,15.68
498,cabo san lucas,90,MX,1580519195,49,22.89,-109.91,68.67,6.93
499,saint anthony,1,US,1580519195,96,45.02,-93.22,31.17,3.36
500,belyy yar,75,RU,1580519195,75,53.6,91.39,-14.8,0.85
501,sabang,96,ID,1580519195,75,5.89,95.32,81.64,15.95
502,sarahan,100,IN,1580519195,85,31.52,77.8,5.38,11.59
503,kisangani,98,CD,1580519195,74,0.52,25.2,73.99,1.88
504,la palma,1,US,1580519196,16,33.85,-118.05,72.59,4.7
505,vila do maio,0,CV,1580519196,41,15.13,-23.22,77.0,17.22
506,srandakan,100,ID,1580519196,88,-7.94,110.25,76.39,5.61
507,la esperanza,20,GT,1580519196,62,14.87,-91.57,67.82,6.93
508,north platte,1,US,1580519196,47,41.12,-100.77,37.74,5.82
509,nagato,40,JP,1580519196,80,34.38,131.2,42.66,2.24
510,belmonte,20,BR,1580519196,78,-15.86,-38.88,78.8,4.7
511,port blair,100,IN,1580519196,75,11.67,92.75,79.18,12.33
512,malartic,75,CA,1580519197,92,48.13,-78.13,20.43,9.17
513,mackay,23,AU,1580519197,74,-21.15,149.2,85.01,9.17
514,sungurlu,58,TR,1580519197,86,40.17,34.37,22.82,6.51
515,puerto gaitan,51,CO,1580519082,46,4.31,-72.08,87.42,7.25
516,jeremie,18,HT,1580519197,90,18.65,-74.12,68.58,1.36
517,xiangfan,100,CN,1580519105,64,32.04,112.14,44.56,3.98
518,belem de sao francisco,98,BR,1580519198,57,-8.75,-38.97,82.6,11.48
519,fare,100,PF,1580519198,84,-16.7,-151.02,78.4,28.27
520,lerwick,98,GB,1580519198,93,60.15,-1.15,42.82,21.92
521,khani,100,GE,1580519198,93,41.96,42.96,39.2,5.82
522,akyab,0,MM,1580519198,71,20.15,92.9,64.17,7.23
523,luba,20,GQ,1580519198,88,3.46,8.55,77.0,5.82
524,lannion,90,FR,1580519199,93,48.75,-3.42,51.73,8.05
525,nirgua,76,VE,1580519199,89,10.16,-68.57,70.5,3.94
526,karasjok,100,NO,1580519199,78,69.47,25.51,15.8,54.13
527,morki,99,RU,1580519199,95,56.43,48.99,27.14,9.13
528,horta,98,PT,1580519199,90,38.53,-28.63,61.39,22.5
529,aguimes,34,ES,1580519200,19,27.91,-15.45,67.69,8.05
530,bagdarin,69,RU,1580519200,83,54.43,113.6,-17.09,6.8
531,charlestown,0,AU,1580519200,35,-32.95,151.67,101.34,9.17
532,singapore,75,SG,1580519060,78,1.29,103.85,79.86,10.29
533,lavrentiya,100,RU,1580519200,97,65.58,-171.0,-7.46,5.79
534,indiana,90,US,1580519200,100,40.0,-86.25,36.27,3.36
535,bundaberg,90,AU,1580519185,78,-24.85,152.35,84.63,1.12
536,khoy,95,IR,1580519201,94,38.55,44.95,32.23,1.83
537,san cristobal,20,VE,1580519201,69,7.77,-72.22,82.4,4.7
538,sibu,75,MY,1580519201,83,2.3,111.82,77.0,5.82
539,srednekolymsk,100,RU,1580519201,98,67.45,153.68,-15.02,5.3
540,pedernales,23,DO,1580519201,78,18.04,-71.74,68.45,4.36
541,daru,64,PG,1580519201,64,-9.08,143.21,87.78,2.75
542,salina,1,US,1580519123,48,38.84,-97.61,37.13,4.7
543,divnoye,100,RU,1580519202,88,45.91,43.35,34.09,8.52
544,nishihara,75,JP,1580519202,48,26.18,127.76,60.53,16.11
545,clyde river,1,CA,1580518986,73,70.47,-68.59,-31.0,3.36
546,muzhi,100,RU,1580519202,98,65.37,64.67,-16.64,10.67
547,sao miguel do araguaia,66,BR,1580519202,90,-13.28,-50.16,76.12,2.06
548,maua,75,BR,1580519068,78,-23.67,-46.46,77.85,9.17
549,saldanha,59,ZA,1580519203,82,-33.01,17.94,60.8,6.93
550,dhone,59,IN,1580519203,85,15.42,77.88,69.04,14.52
551,sabratah,97,LY,1580519203,65,32.79,12.49,63.43,6.58
552,evensk,49,RU,1580519203,60,61.95,159.23,-14.44,0.6
553,bulaevo,91,KZ,1580519203,84,54.91,70.44,1.71,7.36
554,kunashak,40,RU,1580519203,85,55.7,61.55,15.8,8.95
555,saint-ambroise,5,CA,1580519203,84,48.55,-71.33,0.32,3.36
556,new waterford,90,US,1580519204,98,40.85,-80.61,32.7,4.85
